<?xml version="1.0" encoding="UTF-8"?>
<root>
  <item name="com.connect.backend.magikapp.data.Configuration java.lang.String getThemeType()">
    <annotation name="android.support.annotation.StringDef">
      <val name="value" val="{com.connect.backend.magikapp.data.Configuration.ThemeType.Food, com.connect.backend.magikapp.data.Configuration.ThemeType.Party, com.connect.backend.magikapp.data.Configuration.ThemeType.Festival, com.connect.backend.magikapp.data.Configuration.ThemeType.Sport}" />
    </annotation>
  </item>
  <item name="com.connect.backend.magikapp.data.Configuration.ColorType">
    <annotation name="android.support.annotation.StringDef">
      <val name="value" val="{com.connect.backend.magikapp.data.Configuration.ColorType.Primary, com.connect.backend.magikapp.data.Configuration.ColorType.Secondary, com.connect.backend.magikapp.data.Configuration.ColorType.Accent}" />
    </annotation>
  </item>
  <item name="com.connect.backend.magikapp.data.Configuration.GroupConf type">
    <annotation name="android.support.annotation.StringDef">
      <val name="value" val="{com.connect.backend.magikapp.data.Configuration.GroupType.Slider, com.connect.backend.magikapp.data.Configuration.GroupType.Grid}" />
    </annotation>
  </item>
  <item name="com.connect.backend.magikapp.data.Configuration.GroupType">
    <annotation name="android.support.annotation.StringDef">
      <val name="value" val="{com.connect.backend.magikapp.data.Configuration.GroupType.Slider, com.connect.backend.magikapp.data.Configuration.GroupType.Grid}" />
    </annotation>
  </item>
  <item name="com.connect.backend.magikapp.data.Configuration.ThemeConf type">
    <annotation name="android.support.annotation.StringDef">
      <val name="value" val="{com.connect.backend.magikapp.data.Configuration.ThemeType.Food, com.connect.backend.magikapp.data.Configuration.ThemeType.Party, com.connect.backend.magikapp.data.Configuration.ThemeType.Festival, com.connect.backend.magikapp.data.Configuration.ThemeType.Sport}" />
    </annotation>
  </item>
  <item name="com.connect.backend.magikapp.data.Configuration.ThemeType">
    <annotation name="android.support.annotation.StringDef">
      <val name="value" val="{com.connect.backend.magikapp.data.Configuration.ThemeType.Food, com.connect.backend.magikapp.data.Configuration.ThemeType.Party, com.connect.backend.magikapp.data.Configuration.ThemeType.Festival, com.connect.backend.magikapp.data.Configuration.ThemeType.Sport}" />
    </annotation>
  </item>
</root>

