<?xml version="1.0" encoding="UTF-8"?>
<root>
  <item name="com.connect.backend.phoenix.APIDefines.AssetReferenceType">
    <annotation name="android.support.annotation.StringDef">
      <val name="value" val="{com.connect.backend.phoenix.APIDefines.AssetReferenceType.Media, com.connect.backend.phoenix.APIDefines.AssetReferenceType.InternalEpg, com.connect.backend.phoenix.APIDefines.AssetReferenceType.ExternalEpg}" />
    </annotation>
  </item>
  <item name="com.connect.backend.phoenix.APIDefines.BookmarkType">
    <annotation name="android.support.annotation.StringDef">
      <val name="value" val="{com.connect.backend.phoenix.APIDefines.BookmarkType.Media, com.connect.backend.phoenix.APIDefines.BookmarkType.Epg, com.connect.backend.phoenix.APIDefines.BookmarkType.Recording}" />
    </annotation>
  </item>
  <item name="com.connect.backend.phoenix.APIDefines.LiveStreamType">
    <annotation name="android.support.annotation.StringDef">
      <val name="value" val="{com.connect.backend.phoenix.APIDefines.LiveStreamType.Catchup, com.connect.backend.phoenix.APIDefines.LiveStreamType.StartOver, com.connect.backend.phoenix.APIDefines.LiveStreamType.TrickPlay}" />
    </annotation>
  </item>
  <item name="com.connect.backend.phoenix.APIDefines.MediaType">
    <annotation name="android.support.annotation.StringDef">
      <val name="value" val="{com.connect.backend.phoenix.APIDefines.MediaType.Vod, com.connect.backend.phoenix.APIDefines.MediaType.Channel, com.connect.backend.phoenix.APIDefines.MediaType.Program}" />
    </annotation>
  </item>
</root>

