<?xml version="1.0" encoding="UTF-8"?>
<root>
  <item name="com.connect.backend.base.BaseSessionProvider java.lang.String getUserSessionType()">
    <annotation name="android.support.annotation.StringDef">
      <val name="value" val="{com.connect.backend.base.BaseSessionProvider.UserSessionType.User, com.connect.backend.base.BaseSessionProvider.UserSessionType.Anonymous}" />
    </annotation>
  </item>
  <item name="com.connect.backend.base.BaseSessionProvider userSessionType">
    <annotation name="android.support.annotation.StringDef">
      <val name="value" val="{com.connect.backend.base.BaseSessionProvider.UserSessionType.User, com.connect.backend.base.BaseSessionProvider.UserSessionType.Anonymous}" />
    </annotation>
  </item>
  <item name="com.connect.backend.base.BaseSessionProvider.UserSessionType">
    <annotation name="android.support.annotation.StringDef">
      <val name="value" val="{com.connect.backend.base.BaseSessionProvider.UserSessionType.User, com.connect.backend.base.BaseSessionProvider.UserSessionType.Anonymous}" />
    </annotation>
  </item>
</root>

